9000,Jharkhand,Pakur,Additional Primary Health Centre,https://www.medindia.net/directories/hospitals/additional-primary-health-centre-pakur-jharkhand-84228.htm,Pakur - 816107, Jharkhand
9001,Jharkhand,Pakur,Community Health Center,https://www.medindia.net/directories/hospitals/community-health-center-pakur-jharkhand-84226.htm,Pakur - 816107, Jharkhand
9002,Jharkhand,Pakur,Community Health Centre,https://www.medindia.net/directories/hospitals/community-health-centre-pakur-jharkhand-84227.htm,Pakur - 816107, Jharkhand
9003,Jharkhand,Pakur,Mobile Hospital,https://www.medindia.net/directories/hospitals/mobile-hospital-pakur-jharkhand-63488.htm,Pakur - 816107, Jharkhand
9004,Jharkhand,Pakur,R.K. Singh Clinic,https://www.medindia.net/directories/hospitals/rk-singh-clinic-pakur-jharkhand-72857.htm,Pakur - 816107, Jharkhand
9005,Jharkhand,Palamu,Shree Narayan Multispeciality Hospital,https://www.medindia.net/directories/hospitals/shree-narayan-multispeciality-hospital-palamu-jharkhand-5460.htm,Palamu - 822101, Jharkhand
9006,Jharkhand,Palamu,Additional Primary Health Centre,https://www.medindia.net/directories/hospitals/additional-primary-health-centre-palamu-jharkhand-90218.htm,Palamu - 822123, Jharkhand
9007,Jharkhand,Palamu,Advance Dental Clinic,https://www.medindia.net/directories/hospitals/advance-dental-clinic-palamu-jharkhand-71190.htm,Palamu - 822101, Jharkhand
9008,Jharkhand,Palamu,Bhagwati Hospital,https://www.medindia.net/directories/hospitals/bhagwati-hospital-palamu-jharkhand-786.htm,Palamu - 822101, Jharkhand
9009,Jharkhand,Palamu,Community Health Center,https://www.medindia.net/directories/hospitals/community-health-center-palamu-jharkhand-90239.htm,Palamu - 822122, Jharkhand
9010,Jharkhand,Palamu,Community Health Center,https://www.medindia.net/directories/hospitals/community-health-center-palamu-jharkhand-90245.htm,Palamu - 822123, Jharkhand
9011,Jharkhand,Palamu,Community Health Center,https://www.medindia.net/directories/hospitals/community-health-center-palamu-jharkhand-84230.htm,Palamu - 824119, Jharkhand
9012,Jharkhand,Palamu,Community Health Center,https://www.medindia.net/directories/hospitals/community-health-center-palamu-jharkhand-84231.htm,Palamu - 822110, Jharkhand
9013,Jharkhand,Palamu,Dr R N Singh Nursing Home,https://www.medindia.net/directories/hospitals/dr-r-n-singh-nursing-home-palamu-jharkhand-93176.htm,Palamu - 822101, Jharkhand
9014,Jharkhand,Palamu,Gauri Kissan Health Care,https://www.medindia.net/directories/hospitals/gauri-kissan-health-care-palamu-jharkhand-1252.htm,Palamu - 822101, Jharkhand
9015,Jharkhand,Ramgarh,Community Health Centre (CHC) Patratu,https://www.medindia.net/directories/hospitals/community-health-centre-chc-patratu-ramgarh-jharkhand-73943.htm,Ramgarh - 829118, Jharkhand
9016,Jharkhand,Ramgarh,Tata Central Hospital,https://www.medindia.net/directories/hospitals/tata-central-hospital-ramgarh-jharkhand-17401.htm,Ramgarh - 825314, Jharkhand
9017,Jharkhand,Ramgarh,32 Pearls Dental Clinic,https://www.medindia.net/directories/hospitals/32-pearls-dental-clinic-ramgarh-jharkhand-74919.htm,Ramgarh - 825316, Jharkhand
9018,Jharkhand,Ramgarh,Aman Pathological Lab,https://www.medindia.net/directories/hospitals/aman-pathological-lab-ramgarh-jharkhand-102287.htm,Ramgarh - 829122, Jharkhand
9019,Jharkhand,Ramgarh,Asha Nursing Hospital,https://www.medindia.net/directories/hospitals/asha-nursing-hospital-ramgarh-jharkhand-95801.htm,Ramgarh - 825101, Jharkhand
9020,Jharkhand,Ramgarh,Bansideo Memorial Nursing Home,https://www.medindia.net/directories/hospitals/bansideo-memorial-nursing-home-ramgarh-jharkhand-416.htm,Ramgarh - 829110, Jharkhand
9021,Jharkhand,Ramgarh,Brindavan Hospital & Research Center (p) Ltd.,https://www.medindia.net/directories/hospitals/brindavan-hospital-research-center-p-ltd-ramgarh-jharkhand-40465.htm,Ramgarh - 829117, Jharkhand
9022,Jharkhand,Ramgarh,Brindavan Hospital And Research Centre Pvt Ltd,https://www.medindia.net/directories/hospitals/brindavan-hospital-and-research-centre-pvt-ltd-ramgarh-jharkhand-94338.htm,Ramgarh - 829117, Jharkhand
9023,Jharkhand,Ramgarh,C.H.C. Churchu,https://www.medindia.net/directories/hospitals/chc-churchu-ramgarh-jharkhand-95223.htm,Ramgarh - 829117, Jharkhand
9024,Jharkhand,Ramgarh,Central Hospital Naisarai C.C.L.,https://www.medindia.net/directories/hospitals/central-hospital-naisarai-ccl-ramgarh-jharkhand-40504.htm,Ramgarh - 829122, Jharkhand
9025,Jharkhand,Ranchi,Shree Jagannath Hospital & Research Centre,https://www.medindia.net/directories/hospitals/shree-jagannath-hospital-research-centre-ranchi-jharkhand-4957.htm,Ranchi - 834001, Jharkhand
9026,Jharkhand,Ranchi,Singh Eye Care,https://www.medindia.net/directories/hospitals/singh-eye-care-ranchi-jharkhand-10859.htm,Ranchi - 834002, Jharkhand
9027,Jharkhand,Ranchi,Aastha Mother and Child Care Centre,https://www.medindia.net/directories/hospitals/aastha-mother-and-child-care-centre-ranchi-jharkhand-79442.htm,Ranchi - 834001, Jharkhand
9028,Jharkhand,Ranchi,Aayushman Nursing Home,https://www.medindia.net/directories/hospitals/aayushman-nursing-home-ranchi-jharkhand-84916.htm,Ranchi - 834001, Jharkhand
9029,Jharkhand,Ranchi,Abdur Razzaque Ansari Memorial Weavers Hospital,https://www.medindia.net/directories/hospitals/abdur-razzaque-ansari-memorial-weavers-hospital-ranchi-jharkhand-53314.htm,Ranchi - 835238, Jharkhand
9030,Jharkhand,Ranchi,Abdur Razzaque Ansari Memorial Weavers Hospital (Apollo Hospitals Group),https://www.medindia.net/directories/hospitals/abdur-razzaque-ansari-memorial-weavers-hospital-apollo-hospitals-group-ranchi-jharkhand-65632.htm,Ranchi - 834001, Jharkhand
9031,Jharkhand,Ranchi,Advance Dental Clinic & Laser Therapeutic Centre,https://www.medindia.net/directories/hospitals/advance-dental-clinic-laser-therapeutic-centre-ranchi-jharkhand-42293.htm,Ranchi - 834001, Jharkhand
9032,Jharkhand,Ranchi,Advance Ortho Clinic,https://www.medindia.net/directories/hospitals/advance-ortho-clinic-ranchi-jharkhand-56820.htm,Ranchi - 834002, Jharkhand
9033,Jharkhand,Ranchi,Advanced Chest Clinic,https://www.medindia.net/directories/hospitals/advanced-chest-clinic-ranchi-jharkhand-22520.htm,Ranchi - 834001, Jharkhand
9034,Jharkhand,Ranchi,Agro Vet Clinic,https://www.medindia.net/directories/hospitals/agro-vet-clinic-ranchi-jharkhand-41178.htm,Ranchi - 822104, Jharkhand
9035,Jharkhand,Sahibganj,Community Health Center,https://www.medindia.net/directories/hospitals/community-health-center-sahibganj-jharkhand-84258.htm,Sahibganj - 816101, Jharkhand
9036,Jharkhand,Sahibganj,Dog Hospital,https://www.medindia.net/directories/hospitals/dog-hospital-sahibganj-jharkhand-22752.htm,Sahibganj - 800020, Jharkhand
9037,Jharkhand,Sahibganj,Government Hospital,https://www.medindia.net/directories/hospitals/government-hospital-sahibganj-jharkhand-84255.htm,Sahibganj - 816108, Jharkhand
9038,Jharkhand,Sahibganj,Government Hospital,https://www.medindia.net/directories/hospitals/government-hospital-sahibganj-jharkhand-84256.htm,Sahibganj - 816129, Jharkhand
9039,Jharkhand,Sahibganj,Jabbar Clinic,https://www.medindia.net/directories/hospitals/jabbar-clinic-sahibganj-jharkhand-74121.htm,Sahibganj - 816109, Jharkhand
9040,Jharkhand,Sahibganj,Mobile Hospital,https://www.medindia.net/directories/hospitals/mobile-hospital-sahibganj-jharkhand-73076.htm,Sahibganj - 816101, Jharkhand
9041,Jharkhand,Sahibganj,Prem Jyoti Community Hospital,https://www.medindia.net/directories/hospitals/prem-jyoti-community-hospital-sahibganj-jharkhand-70044.htm,Sahibganj - 816102, Jharkhand
9042,Jharkhand,Sahibganj,Primary Health Center,https://www.medindia.net/directories/hospitals/primary-health-center-sahibganj-jharkhand-84229.htm,Sahibganj - 816120, Jharkhand
9043,Jharkhand,Sahibganj,Primary Health Center,https://www.medindia.net/directories/hospitals/primary-health-center-sahibganj-jharkhand-84257.htm,Sahibganj - 816120, Jharkhand
9044,Jharkhand,Sahibganj,Primary Health Centre,https://www.medindia.net/directories/hospitals/primary-health-centre-sahibganj-jharkhand-84271.htm,Sahibganj - 816108, Jharkhand
9045,Jharkhand,Sahibganj,Primary Health Centre,https://www.medindia.net/directories/hospitals/primary-health-centre-sahibganj-jharkhand-84272.htm,Sahibganj - 816110, Jharkhand
9046,Jharkhand,Sahibganj,Primary Health Centre,https://www.medindia.net/directories/hospitals/primary-health-centre-sahibganj-jharkhand-84277.htm,Sahibganj - 816108, Jharkhand
9047,Jharkhand,Sahibganj,Railway Hospital,https://www.medindia.net/directories/hospitals/railway-hospital-sahibganj-jharkhand-84254.htm,Sahibganj - 816109, Jharkhand
9048,Jharkhand,Sahibganj,Surya Nursing Home-Sahibganj,https://www.medindia.net/directories/hospitals/surya-nursing-home-sahibganj-sahibganj-jharkhand-7886.htm,Sahibganj - 816109, Jharkhand
9049,Jharkhand,Sahibganj,Surya Super Specialist Hospital,https://www.medindia.net/directories/hospitals/surya-super-specialist-hospital-sahibganj-jharkhand-13596.htm,Sahibganj - 816101, Jharkhand
9050,Jharkhand,Seraikela Kharsawan,Community Health Centre (CHC) Nimdih,https://www.medindia.net/directories/hospitals/community-health-centre-chc-nimdih-seraikela-kharsawan-jharkhand-104956.htm,Seraikela Kharsawan - 833219, Jharkhand
9051,Jharkhand,Seraikela Kharsawan,Community Health Centre (CHC) Rajnagar,https://www.medindia.net/directories/hospitals/community-health-centre-chc-rajnagar-seraikela-kharsawan-jharkhand-74214.htm,Seraikela Kharsawan - 833219, Jharkhand
9052,Jharkhand,Seraikela Kharsawan,Community Health Centre (CHC) Saraikela,https://www.medindia.net/directories/hospitals/community-health-centre-chc-saraikela-seraikela-kharsawan-jharkhand-74529.htm,Seraikela Kharsawan - 833219, Jharkhand
9053,Jharkhand,Seraikela Kharsawan,Community Health Centre (CHC) Sonua,https://www.medindia.net/directories/hospitals/community-health-centre-chc-sonua-seraikela-kharsawan-jharkhand-96630.htm,Seraikela Kharsawan - 833105, Jharkhand
9054,Jharkhand,Seraikela Kharsawan,Chaibasa Nursing Home,https://www.medindia.net/directories/hospitals/chaibasa-nursing-home-seraikela-kharsawan-jharkhand-102719.htm,Seraikela Kharsawan - 833201, Jharkhand
9055,Jharkhand,Seraikela Kharsawan,Community Health Center,https://www.medindia.net/directories/hospitals/community-health-center-seraikela-kharsawan-jharkhand-84259.htm,Seraikela Kharsawan - 832401, Jharkhand
9056,Jharkhand,Seraikela Kharsawan,Gayatary Seva Sadan,https://www.medindia.net/directories/hospitals/gayatary-seva-sadan-seraikela-kharsawan-jharkhand-1321.htm,Seraikela Kharsawan - 833201, Jharkhand
9057,Jharkhand,Seraikela Kharsawan,Institute Of Continuing Education , Research Centre,https://www.medindia.net/directories/hospitals/institute-of-continuing-education-research-centre-seraikela-kharsawan-jharkhand-93556.htm,Seraikela Kharsawan - 833219, Jharkhand
9058,Jharkhand,Seraikela Kharsawan,Primary Health Center,https://www.medindia.net/directories/hospitals/primary-health-center-seraikela-kharsawan-jharkhand-90247.htm,Seraikela Kharsawan - 833219, Jharkhand
9059,Jharkhand,Seraikela Kharsawan,Sai Dental Clinic & Research Centre,https://www.medindia.net/directories/hospitals/sai-dental-clinic-research-centre-seraikela-kharsawan-jharkhand-3475.htm,Seraikela Kharsawan - 833216, Jharkhand
9060,Jharkhand,Simdega,Mary Bandana Nursing Home & Research Centre,https://www.medindia.net/directories/hospitals/mary-bandana-nursing-home-research-centre-simdega-jharkhand-2770.htm,Simdega - 835223, Jharkhand
9061,Jharkhand,Simdega,Mukherjee Dental Clinic,https://www.medindia.net/directories/hospitals/mukherjee-dental-clinic-simdega-jharkhand-64771.htm,Simdega - 835223, Jharkhand
9062,Jharkhand,Simdega,Sadar Hospital,https://www.medindia.net/directories/hospitals/sadar-hospital-simdega-jharkhand-16571.htm,Simdega - 834009, Jharkhand
9063,Jharkhand,West Singhbhum,Community Health Centre (CHC) Tonto,https://www.medindia.net/directories/hospitals/community-health-centre-chc-tonto-west-singhbhum-jharkhand-96778.htm,West Singhbhum - 833215, Jharkhand
9064,Jharkhand,West Singhbhum,Siddhesh Swastaya Sevashlya Pvt Ltd,https://www.medindia.net/directories/hospitals/siddhesh-swastaya-sevashlya-pvt-ltd-west-singhbhum-jharkhand-13106.htm,West Singhbhum - 831013, Jharkhand
9065,Jharkhand,West Singhbhum,Surya Clinic,https://www.medindia.net/directories/hospitals/surya-clinic-west-singhbhum-jharkhand-7697.htm,West Singhbhum - 833217, Jharkhand
9066,Jharkhand,West Singhbhum,111 Save Life Hospital,https://www.medindia.net/directories/hospitals/111-save-life-hospital-west-singhbhum-jharkhand-77691.htm,West Singhbhum - 833214, Jharkhand
9067,Jharkhand,West Singhbhum,Community Health Center,https://www.medindia.net/directories/hospitals/community-health-center-west-singhbhum-jharkhand-84261.htm,West Singhbhum - 833215, Jharkhand
9068,Jharkhand,West Singhbhum,Community Health Center,https://www.medindia.net/directories/hospitals/community-health-center-west-singhbhum-jharkhand-84262.htm,West Singhbhum - 833101, Jharkhand
9069,Jharkhand,West Singhbhum,Community Health Center,https://www.medindia.net/directories/hospitals/community-health-center-west-singhbhum-jharkhand-90232.htm,West Singhbhum - 833102, Jharkhand
9070,Jharkhand,West Singhbhum,Dr Pradhans Health Center,https://www.medindia.net/directories/hospitals/dr-pradhans-health-center-west-singhbhum-jharkhand-92814.htm,West Singhbhum - 833102, Jharkhand
9071,Jharkhand,West Singhbhum,Lucky Seva Sansthan,https://www.medindia.net/directories/hospitals/lucky-seva-sansthan-west-singhbhum-jharkhand-4259.htm,West Singhbhum - 833214, Jharkhand
9072,Jharkhand,West Singhbhum,Pushpa Homeo Clinic,https://www.medindia.net/directories/hospitals/pushpa-homeo-clinic-west-singhbhum-jharkhand-57927.htm,West Singhbhum - 833201, Jharkhand
9073,Karnataka,Bableshwar,Hospital Patna Bihar,https://www.medindia.net/directories/hospitals/hospital-patna-bihar-bableshwar-karnataka-11993.htm,Bableshwar - 560001, Karnataka
9074,Karnataka,Bableshwar,Hospitaloity,https://www.medindia.net/directories/hospitals/hospitaloity-bableshwar-karnataka-12009.htm,Bableshwar - 560001, Karnataka
9075,Karnataka,Badami,Dr. G B. Karudagimath Multispeciality Hospital,https://www.medindia.net/directories/hospitals/dr-g-b-karudagimath-multispeciality-hospital-badami-karnataka-37999.htm,Badami - 587201, Karnataka
9076,Karnataka,Badami,Hospital Physiotherapist,https://www.medindia.net/directories/hospitals/hospital-physiotherapist-badami-karnataka-12001.htm,Badami - 560001, Karnataka
9077,Karnataka,Badami,Ravi clinic,https://www.medindia.net/directories/hospitals/ravi-clinic-badami-karnataka-44421.htm,Badami - 587201, Karnataka
9078,Karnataka,Bagalkot,Telsang Maternity & Children Hospital,https://www.medindia.net/directories/hospitals/telsang-maternity-children-hospital-bagalkot-karnataka-30425.htm,Bagalkot - 587101, Karnataka
9079,Karnataka,Bagalkot,Allamaprabhu Hi-Tech Hospital,https://www.medindia.net/directories/hospitals/allamaprabhu-hi-tech-hospital-bagalkot-karnataka-101845.htm,Bagalkot - 587101, Karnataka
9080,Karnataka,Bagalkot,Annapurneshwari Dental Clinic,https://www.medindia.net/directories/hospitals/annapurneshwari-dental-clinic-bagalkot-karnataka-84062.htm,Bagalkot - 587112, Karnataka
9081,Karnataka,Bagalkot,Arogyadham Hospital,https://www.medindia.net/directories/hospitals/arogyadham-hospital-bagalkot-karnataka-81682.htm,Bagalkot - 587312, Karnataka
9082,Karnataka,Bagalkot,Ashraya Hospital,https://www.medindia.net/directories/hospitals/ashraya-hospital-bagalkot-karnataka-63036.htm,Bagalkot - 587102, Karnataka
9083,Karnataka,Bagalkot,Ayurved Medical College & Hospital,https://www.medindia.net/directories/hospitals/ayurved-medical-college-hospital-bagalkot-karnataka-24272.htm,Bagalkot - 587101, Karnataka
9084,Karnataka,Bagalkot,Baddur Clinic,https://www.medindia.net/directories/hospitals/baddur-clinic-bagalkot-karnataka-92971.htm,Bagalkot - 587311, Karnataka
9085,Karnataka,Bagalkot,Banashankari Eye Hospital,https://www.medindia.net/directories/hospitals/banashankari-eye-hospital-bagalkot-karnataka-78138.htm,Bagalkot - 587101, Karnataka
9086,Karnataka,Bagalkot,Baragi Hospital,https://www.medindia.net/directories/hospitals/baragi-hospital-bagalkot-karnataka-458.htm,Bagalkot - 587101, Karnataka
9087,Karnataka,Bagalkot,Basaraddi Hospital,https://www.medindia.net/directories/hospitals/basaraddi-hospital-bagalkot-karnataka-9904.htm,Bagalkot - 587313, Karnataka
9088,Karnataka,Ballari,Sri Danamma Super Speciality Hospital,https://www.medindia.net/directories/hospitals/sri-danamma-super-speciality-hospital-ballari-karnataka-27437.htm,Ballari - 583101, Karnataka
9089,Karnataka,Ballari,Sushruta Hospital - Hospet,https://www.medindia.net/directories/hospitals/sushruta-hospital-hospet-ballari-karnataka-11058.htm,Ballari - 583203, Karnataka
9090,Karnataka,Ballari,Tho H B Halli,https://www.medindia.net/directories/hospitals/tho-h-b-halli-ballari-karnataka-31030.htm,Ballari - 583212, Karnataka
9091,Karnataka,Ballari,Tho Sandur,https://www.medindia.net/directories/hospitals/tho-sandur-ballari-karnataka-31044.htm,Ballari - 583119, Karnataka
9092,Karnataka,Ballari,Aasha Hospitals,https://www.medindia.net/directories/hospitals/aasha-hospitals-ballari-karnataka-37956.htm,Ballari - 583104, Karnataka
9093,Karnataka,Ballari,Abhishek Hospital - Hospet,https://www.medindia.net/directories/hospitals/abhishek-hospital-hospet-ballari-karnataka-87939.htm,Ballari - 583201, Karnataka
9094,Karnataka,Ballari,Adarsh Heart Care Centre Pvt Ltd,https://www.medindia.net/directories/hospitals/adarsh-heart-care-centre-pvt-ltd-ballari-karnataka-88145.htm,Ballari - 583101, Karnataka
9095,Karnataka,Ballari,Adarsh Nursing Home,https://www.medindia.net/directories/hospitals/adarsh-nursing-home-ballari-karnataka-88176.htm,Ballari - 583103, Karnataka
9096,Karnataka,Ballari,Amarjyothi Hospital,https://www.medindia.net/directories/hospitals/amarjyothi-hospital-ballari-karnataka-41360.htm,Ballari - 583201, Karnataka
9097,Karnataka,Ballari,Amrutha Dental Hospitals,https://www.medindia.net/directories/hospitals/amrutha-dental-hospitals-ballari-karnataka-14611.htm,Ballari - 583101, Karnataka
9098,Karnataka,Bangalore,Imperial Dental & Aesthetic Clinic,https://www.medindia.net/directories/hospitals/imperial-dental-aesthetic-clinic-bangalore-karnataka-105286.htm,ID
9099,Karnataka,Bangarapet,Manipal Hospital,https://www.medindia.net/directories/hospitals/manipal-hospital-bangarapet-karnataka-19473.htm,Bangarapet - 560017, Karnataka
9100,Karnataka,Bangarapet,Mannan Maternity and Ivf Centre,https://www.medindia.net/directories/hospitals/mannan-maternity-and-ivf-centre-bangarapet-karnataka-92181.htm,Bangarapet - 563114, Karnataka
9101,Karnataka,Bangarapet,Sree Sai Clinic,https://www.medindia.net/directories/hospitals/sree-sai-clinic-bangarapet-karnataka-28272.htm,Bangarapet - 560067, Karnataka
9102,Karnataka,Bangarapet,Suguna Hospital,https://www.medindia.net/directories/hospitals/suguna-hospital-bangarapet-karnataka-36212.htm,Bangarapet - 560010, Karnataka
9103,Karnataka,Bangarapet,Vs Dental College Hospital,https://www.medindia.net/directories/hospitals/vs-dental-college-hospital-bangarapet-karnataka-36194.htm,Bangarapet - 560004, Karnataka
9104,Karnataka,Banglore,A One Cure For Incurables Clinic,https://www.medindia.net/directories/hospitals/a-one-cure-for-incurables-clinic-banglore-karnataka-24837.htm,Banglore - 560027, Karnataka
9105,Karnataka,Banglore,A V Hospital,https://www.medindia.net/directories/hospitals/a-v-hospital-banglore-karnataka-24858.htm,Banglore - 560004, Karnataka
9106,Karnataka,Banglore,Abhaya Hospital,https://www.medindia.net/directories/hospitals/abhaya-hospital-banglore-karnataka-24890.htm,Banglore - 560004, Karnataka
9107,Karnataka,Banglore,Admissions Open India,https://www.medindia.net/directories/hospitals/admissions-open-india-banglore-karnataka-24950.htm,Banglore - 560043, Karnataka
9108,Karnataka,Banglore,Agarwal National Hospital,https://www.medindia.net/directories/hospitals/agarwal-national-hospital-banglore-karnataka-24914.htm,Banglore - 560068, Karnataka
9109,Karnataka,Banglore,Ambuja Health Care,https://www.medindia.net/directories/hospitals/ambuja-health-care-banglore-karnataka-24925.htm,Banglore - 560004, Karnataka
9110,Karnataka,Banglore,American International Medical University,https://www.medindia.net/directories/hospitals/american-international-medical-university-banglore-karnataka-24972.htm,Banglore - 560008, Karnataka
9111,Karnataka,Banglore,Amrik Nethralaya & Multispeciality Hospital,https://www.medindia.net/directories/hospitals/amrik-nethralaya-multispeciality-hospital-banglore-karnataka-25008.htm,Banglore - 560043, Karnataka
9112,Karnataka,Banglore,Anagha Clinic,https://www.medindia.net/directories/hospitals/anagha-clinic-banglore-karnataka-24750.htm,Banglore - 560094, Karnataka
9113,Karnataka,Banglore,Apollo Pharmacy Bannerghatta Road,https://www.medindia.net/directories/hospitals/apollo-pharmacy-bannerghatta-road-banglore-karnataka-24761.htm,Banglore - 560076, Karnataka
9114,Karnataka,Bannerghatta,Medihelp Clinic,https://www.medindia.net/directories/hospitals/medihelp-clinic-bannerghatta-karnataka-49607.htm,Bannerghatta - 560076, Karnataka
9115,Karnataka,Belagavi,Sharada Maternity & Nursing Home,https://www.medindia.net/directories/hospitals/sharada-maternity-nursing-home-belagavi-karnataka-7189.htm,Belagavi - 590016, Karnataka
9116,Karnataka,Belagavi,Sri Sankalp Hospital Eye Care Centre & Maternity H,https://www.medindia.net/directories/hospitals/sri-sankalp-hospital-eye-care-centre-maternity-h-belagavi-karnataka-7678.htm,Belagavi - 590001, Karnataka
9117,Karnataka,Belagavi,Aadhar Eye Hospital,https://www.medindia.net/directories/hospitals/aadhar-eye-hospital-belagavi-karnataka-59504.htm,Belagavi - 591317, Karnataka
9118,Karnataka,Belagavi,Aadhar Hospital,https://www.medindia.net/directories/hospitals/aadhar-hospital-belagavi-karnataka-78620.htm,Belagavi - 590001, Karnataka
9119,Karnataka,Belagavi,Aadhar Hospital,https://www.medindia.net/directories/hospitals/aadhar-hospital-belagavi-karnataka-17269.htm,Belagavi - 590016, Karnataka
9120,Karnataka,Belagavi,ABC bike clinic,https://www.medindia.net/directories/hospitals/abc-bike-clinic-belagavi-karnataka-13356.htm,Belagavi - 590001, Karnataka
9121,Karnataka,Belagavi,Abhay Health Clinic,https://www.medindia.net/directories/hospitals/abhay-health-clinic-belagavi-karnataka-40583.htm,Belagavi - 590001, Karnataka
9122,Karnataka,Belagavi,Abhay Hospital,https://www.medindia.net/directories/hospitals/abhay-hospital-belagavi-karnataka-33364.htm,Belagavi - 590010, Karnataka
9123,Karnataka,Belagavi,Acharya Deshbhushan Ayurvedic Medical College & Hospital,https://www.medindia.net/directories/hospitals/acharya-deshbhushan-ayurvedic-medical-college-hospital-belagavi-karnataka-61013.htm,Belagavi - 591214, Karnataka
9124,Karnataka,Belagavi,Acharyas Meternity & Children's Hospital,https://www.medindia.net/directories/hospitals/acharyas-meternity-childrens-hospital-belagavi-karnataka-88017.htm,Belagavi - 590002, Karnataka
9125,Karnataka,Bengaluru,Dr. Jayamma Multi Speciality Dental Clinic,https://www.medindia.net/directories/hospitals/dr-jayamma-multi-speciality-dental-clinic-bengaluru-karnataka-85839.htm,Bengaluru - 560064, Karnataka
9126,Karnataka,Bengaluru,Hospital Solutions Pvt. Ltd.,https://www.medindia.net/directories/hospitals/hospital-solutions-pvt-ltd-bengaluru-karnataka-24919.htm,Bengaluru - 560050, Karnataka
9127,Karnataka,Bengaluru,Malleswaram Eye Day Care Hospital,https://www.medindia.net/directories/hospitals/malleswaram-eye-day-care-hospital-bengaluru-karnataka-5197.htm,Bengaluru - 560003, Karnataka
9128,Karnataka,Bengaluru,Roshan Eye Clinic & Surgical Centre,https://www.medindia.net/directories/hospitals/roshan-eye-clinic-surgical-centre-bengaluru-karnataka-5269.htm,Bengaluru - 560075, Karnataka
9129,Karnataka,Bengaluru,Scan Point Diagnostics,https://www.medindia.net/directories/hospitals/scan-point-diagnostics-bengaluru-karnataka-41936.htm,Bengaluru - 560072, Karnataka
9130,Karnataka,Bengaluru,Sir M V Centre For Diabetes,https://www.medindia.net/directories/hospitals/sir-m-v-centre-for-diabetes-bengaluru-karnataka-31919.htm,Bengaluru - 560003, Karnataka
9131,Karnataka,Bengaluru,Sri Raghava Children's And General Hospital,https://www.medindia.net/directories/hospitals/sri-raghava-childrens-and-general-hospital-bengaluru-karnataka-8678.htm,Bengaluru - 562107, Karnataka
9132,Karnataka,Bengaluru,Sri Ram Nursing Home,https://www.medindia.net/directories/hospitals/sri-ram-nursing-home-bengaluru-karnataka-9008.htm,Bengaluru - 560026, Karnataka
9133,Karnataka,Bengaluru,Sri Ram Speciality Hospital,https://www.medindia.net/directories/hospitals/sri-ram-speciality-hospital-bengaluru-karnataka-9092.htm,Bengaluru - 560047, Karnataka
9134,Karnataka,Bengaluru,Sri Ramakrishna Hospital,https://www.medindia.net/directories/hospitals/sri-ramakrishna-hospital-bengaluru-karnataka-9256.htm,Bengaluru - 560001, Karnataka
9135,Karnataka,Bengaluru Rural,Anandamaya Hospitals,https://www.medindia.net/directories/hospitals/anandamaya-hospitals-bengaluru-rural-karnataka-83936.htm,Bengaluru Rural - 561203, Karnataka
9136,Karnataka,Bengaluru Rural,Government Hospital,https://www.medindia.net/directories/hospitals/government-hospital-bengaluru-rural-karnataka-78762.htm,Bengaluru Rural - 561203, Karnataka
9137,Karnataka,Bengaluru Rural,Government Hospital,https://www.medindia.net/directories/hospitals/government-hospital-bengaluru-rural-karnataka-78812.htm,Bengaluru Rural - 562110, Karnataka
9138,Karnataka,Bengaluru Rural,Government Hospital,https://www.medindia.net/directories/hospitals/government-hospital-bengaluru-rural-karnataka-78813.htm,Bengaluru Rural - 562129, Karnataka
9139,Karnataka,Bengaluru Rural,Government Hospital,https://www.medindia.net/directories/hospitals/government-hospital-bengaluru-rural-karnataka-78828.htm,Bengaluru Rural - 562135, Karnataka
9140,Karnataka,Bengaluru Rural,Primary Health Centre,https://www.medindia.net/directories/hospitals/primary-health-centre-bengaluru-rural-karnataka-78767.htm,Bengaluru Rural - 561203, Karnataka
9141,Karnataka,Bengaluru Rural,Sri Paripoorna Sanathana Ayurveda Medical College Hospital and Research Centre,https://www.medindia.net/directories/hospitals/sri-paripoorna-sanathana-ayurveda-medical-college-hospital-and-research-centre-bengaluru-rural-karnataka-70395.htm,Bengaluru Rural - 562123, Karnataka
9142,Karnataka,Bidar,Sri Sainidhi Multi Speciality Hospital,https://www.medindia.net/directories/hospitals/sri-sainidhi-multi-speciality-hospital-bidar-karnataka-10193.htm,Bidar - 585330, Karnataka
9143,Karnataka,Bidar,Sri Sidharoad Charitable Hospital,https://www.medindia.net/directories/hospitals/sri-sidharoad-charitable-hospital-bidar-karnataka-7910.htm,Bidar - 585403, Karnataka
9144,Karnataka,Bidar,A Dent Care,https://www.medindia.net/directories/hospitals/a-dent-care-bidar-karnataka-79470.htm,Bidar - 585401, Karnataka
9145,Karnataka,Bidar,Amulya Hospital,https://www.medindia.net/directories/hospitals/amulya-hospital-bidar-karnataka-44449.htm,Bidar - 585401, Karnataka
9146,Karnataka,Bidar,Apex Hospital,https://www.medindia.net/directories/hospitals/apex-hospital-bidar-karnataka-86998.htm,Bidar - 585401, Karnataka
9147,Karnataka,Bidar,Basaveshwar Hospital,https://www.medindia.net/directories/hospitals/basaveshwar-hospital-bidar-karnataka-45443.htm,Bidar - 585416, Karnataka
9148,Karnataka,Bidar,Bhagirathi Hospital Emergency Care Centre,https://www.medindia.net/directories/hospitals/bhagirathi-hospital-emergency-care-centre-bidar-karnataka-82349.htm,Bidar - 585327, Karnataka
9149,Karnataka,Bidar,Bidar Institute Of Medical Sceince-Teaching Hospital,https://www.medindia.net/directories/hospitals/bidar-institute-of-medical-sceince-teaching-hospital-bidar-karnataka-103367.htm,Bidar - 585401, Karnataka
9150,Karnataka,Bidar,Chanshetty Hospital,https://www.medindia.net/directories/hospitals/chanshetty-hospital-bidar-karnataka-68546.htm,Bidar - 585401, Karnataka
9151,Karnataka,Bidar,Dr. Krishnamurthy Hospital and Rehab Center,https://www.medindia.net/directories/hospitals/dr-krishnamurthy-hospital-and-rehab-center-bidar-karnataka-101555.htm,Bidar - 585401, Karnataka
9152,Karnataka,Chamarajanagar,Sri Shivarathri Rajendra Hospital,https://www.medindia.net/directories/hospitals/sri-shivarathri-rajendra-hospital-chamarajanagar-karnataka-8226.htm,Chamarajanagar - 571313, Karnataka
9153,Karnataka,Chamarajanagar,Ashwini Hospital,https://www.medindia.net/directories/hospitals/ashwini-hospital-chamarajanagar-karnataka-98828.htm,Chamarajanagar - 571441, Karnataka
9154,Karnataka,Chamarajanagar,Assissi Hospital,https://www.medindia.net/directories/hospitals/assissi-hospital-chamarajanagar-karnataka-94771.htm,Chamarajanagar - 571111, Karnataka
9155,Karnataka,Chamarajanagar,District Hopital Chamarajnagar,https://www.medindia.net/directories/hospitals/district-hopital-chamarajnagar-chamarajanagar-karnataka-83710.htm,Chamarajanagar - 571313, Karnataka
9156,Karnataka,Chamarajanagar,Government Ayurvedic Hospital,https://www.medindia.net/directories/hospitals/government-ayurvedic-hospital-chamarajanagar-karnataka-79316.htm,Chamarajanagar - 571313, Karnataka
9157,Karnataka,Chamarajanagar,Government Hospital,https://www.medindia.net/directories/hospitals/government-hospital-chamarajanagar-karnataka-56128.htm,Chamarajanagar - 571441, Karnataka
9158,Karnataka,Chamarajanagar,Holy Cross Hospital,https://www.medindia.net/directories/hospitals/holy-cross-hospital-chamarajanagar-karnataka-88287.htm,Chamarajanagar - 571441, Karnataka
9159,Karnataka,Chamarajanagar,Holycross Hospital,https://www.medindia.net/directories/hospitals/holycross-hospital-chamarajanagar-karnataka-88341.htm,Chamarajanagar - 571440, Karnataka
9160,Karnataka,Chamarajanagar,Janani Hospital,https://www.medindia.net/directories/hospitals/janani-hospital-chamarajanagar-karnataka-7592.htm,Chamarajanagar - 571440, Karnataka
9161,Karnataka,Chamarajanagar,Kshema Hospital,https://www.medindia.net/directories/hospitals/kshema-hospital-chamarajanagar-karnataka-105205.htm,Chamarajanagar - 571313, Karnataka
9162,Karnataka,Chikkaballapur,Csi Hospital,https://www.medindia.net/directories/hospitals/csi-hospital-chikkaballapur-karnataka-85125.htm,Chikkaballapur - 562101, Karnataka
9163,Karnataka,Chikkaballapur,Deccan Hospital,https://www.medindia.net/directories/hospitals/deccan-hospital-chikkaballapur-karnataka-61954.htm,Chikkaballapur - 563125, Karnataka
9164,Karnataka,Chikkaballapur,Dhanush Hospital,https://www.medindia.net/directories/hospitals/dhanush-hospital-chikkaballapur-karnataka-1894.htm,Chikkaballapur - 563125, Karnataka
9165,Karnataka,Chikkaballapur,Government Hospital,https://www.medindia.net/directories/hospitals/government-hospital-chikkaballapur-karnataka-79056.htm,Chikkaballapur - 563125, Karnataka
9166,Karnataka,Chikkaballapur,Government Hospital,https://www.medindia.net/directories/hospitals/government-hospital-chikkaballapur-karnataka-79338.htm,Chikkaballapur - 563146, Karnataka
9167,Karnataka,Chikkaballapur,Government Hospital,https://www.medindia.net/directories/hospitals/government-hospital-chikkaballapur-karnataka-79343.htm,Chikkaballapur - 562105, Karnataka
9168,Karnataka,Chikkaballapur,Government Primary Health Centre,https://www.medindia.net/directories/hospitals/government-primary-health-centre-chikkaballapur-karnataka-79330.htm,Chikkaballapur - 561208, Karnataka
9169,Karnataka,Chikkaballapur,Gurukrupa Nursing Home,https://www.medindia.net/directories/hospitals/gurukrupa-nursing-home-chikkaballapur-karnataka-101393.htm,Chikkaballapur - 563125, Karnataka
9170,Karnataka,Chikkaballapur,Indira Hospital,https://www.medindia.net/directories/hospitals/indira-hospital-chikkaballapur-karnataka-104544.htm,Chikkaballapur - 563125, Karnataka
9171,Karnataka,Chikkaballapur,Manasa Hospital,https://www.medindia.net/directories/hospitals/manasa-hospital-chikkaballapur-karnataka-86335.htm,Chikkaballapur - 561208, Karnataka
9172,Karnataka,Chikkamagaluru,Sri Satya Sai Hospital,https://www.medindia.net/directories/hospitals/sri-satya-sai-hospital-chikkamagaluru-karnataka-8219.htm,Chikkamagaluru - 577548, Karnataka
9173,Karnataka,Chikkamagaluru,Adarsh Hospital,https://www.medindia.net/directories/hospitals/adarsh-hospital-chikkamagaluru-karnataka-88161.htm,Chikkamagaluru - 577126, Karnataka
9174,Karnataka,Chikkamagaluru,Adarsh Hospital,https://www.medindia.net/directories/hospitals/adarsh-hospital-chikkamagaluru-karnataka-35103.htm,Chikkamagaluru - 577126, Karnataka
9175,Karnataka,Chikkamagaluru,Amrit Clinic,https://www.medindia.net/directories/hospitals/amrit-clinic-chikkamagaluru-karnataka-34949.htm,Chikkamagaluru - 577139, Karnataka
9176,Karnataka,Chikkamagaluru,Annapurna Hospital Chikamaglur,https://www.medindia.net/directories/hospitals/annapurna-hospital-chikamaglur-chikkamagaluru-karnataka-86080.htm,Chikkamagaluru - 577101, Karnataka
9177,Karnataka,Chikkamagaluru,Anuradha Hospital,https://www.medindia.net/directories/hospitals/anuradha-hospital-chikkamagaluru-karnataka-86509.htm,Chikkamagaluru - 577101, Karnataka
9178,Karnataka,Chikkamagaluru,Anuradha Hospital,https://www.medindia.net/directories/hospitals/anuradha-hospital-chikkamagaluru-karnataka-70819.htm,Chikkamagaluru - 577101, Karnataka
9179,Karnataka,Chikkamagaluru,Arekal Nursing Home,https://www.medindia.net/directories/hospitals/arekal-nursing-home-chikkamagaluru-karnataka-102286.htm,Chikkamagaluru - 577548, Karnataka
9180,Karnataka,Chikkamagaluru,Aruna Nursing Haome,https://www.medindia.net/directories/hospitals/aruna-nursing-haome-chikkamagaluru-karnataka-95498.htm,Chikkamagaluru - 577101, Karnataka
9181,Karnataka,Chikkamagaluru,Ashirvad Hospital,https://www.medindia.net/directories/hospitals/ashirvad-hospital-chikkamagaluru-karnataka-95902.htm,Chikkamagaluru - 577101, Karnataka
9182,Karnataka,Chitradurga,Akshay Global Hospital,https://www.medindia.net/directories/hospitals/akshay-global-hospital-chitradurga-karnataka-45567.htm,Chitradurga - 577501, Karnataka
9183,Karnataka,Chitradurga,Basappa Multi Speciality Hospital,https://www.medindia.net/directories/hospitals/basappa-multi-speciality-hospital-chitradurga-karnataka-535.htm,Chitradurga - 577501, Karnataka
9184,Karnataka,Chitradurga,Basaveshwara Hospital and Research Center Pvt Ltd,https://www.medindia.net/directories/hospitals/basaveshwara-hospital-and-research-center-pvt-ltd-chitradurga-karnataka-545.htm,Chitradurga - 577501, Karnataka
9185,Karnataka,Chitradurga,Basaveshwara Medical College & Hospital,https://www.medindia.net/directories/hospitals/basaveshwara-medical-college-hospital-chitradurga-karnataka-15971.htm,Chitradurga - 577502, Karnataka
9186,Karnataka,Chitradurga,Chitradurga Child Care Centre,https://www.medindia.net/directories/hospitals/chitradurga-child-care-centre-chitradurga-karnataka-93996.htm,Chitradurga - 577501, Karnataka
9187,Karnataka,Chitradurga,City Multispeciality Hospital (Basappa Hospital),https://www.medindia.net/directories/hospitals/city-multispeciality-hospital-basappa-hospital-chitradurga-karnataka-102910.htm,Chitradurga - 577501, Karnataka
9188,Karnataka,Chitradurga,City Nursing Home,https://www.medindia.net/directories/hospitals/city-nursing-home-chitradurga-karnataka-94000.htm,Chitradurga - 577501, Karnataka
9189,Karnataka,Chitradurga,District Government Hospital,https://www.medindia.net/directories/hospitals/district-government-hospital-chitradurga-karnataka-79361.htm,Chitradurga - 577501, Karnataka
9190,Karnataka,Chitradurga,District Hospital,https://www.medindia.net/directories/hospitals/district-hospital-chitradurga-karnataka-83715.htm,Chitradurga - 577502, Karnataka
9191,Karnataka,Chitradurga,District Hospital,https://www.medindia.net/directories/hospitals/district-hospital-chitradurga-karnataka-52077.htm,Chitradurga - 577502, Karnataka
9192,Karnataka,Chitradurga,DRM Nursing Home,https://www.medindia.net/directories/hospitals/drm-nursing-home-chitradurga-karnataka-94007.htm,Chitradurga - 577501, Karnataka
9193,Karnataka,Chitradurga,Government Hospital,https://www.medindia.net/directories/hospitals/government-hospital-chitradurga-karnataka-78960.htm,Chitradurga - 577535, Karnataka
9194,Karnataka,Chitradurga,JP Nursing Home,https://www.medindia.net/directories/hospitals/jp-nursing-home-chitradurga-karnataka-94012.htm,Chitradurga - 577501, Karnataka
9195,Karnataka,Chitradurga,Kanaka Clinic,https://www.medindia.net/directories/hospitals/kanaka-clinic-chitradurga-karnataka-54886.htm,Chitradurga - 577501, Karnataka
9196,Karnataka,Chitradurga,Karnataka ENT Hospital And Research Center(R),https://www.medindia.net/directories/hospitals/karnataka-ent-hospital-and-research-centerr-chitradurga-karnataka-10218.htm,Chitradurga - 577501, Karnataka
9197,Karnataka,Chitradurga,Krishna Nursing Home,https://www.medindia.net/directories/hospitals/krishna-nursing-home-chitradurga-karnataka-94018.htm,Chitradurga - 577501, Karnataka
9198,Karnataka,Chitradurga,Lakshmi Sreenivasa Nursing Home,https://www.medindia.net/directories/hospitals/lakshmi-sreenivasa-nursing-home-chitradurga-karnataka-346.htm,Chitradurga - 577522, Karnataka
9199,Karnataka,Chitradurga,Nafa Medical Care Center,https://www.medindia.net/directories/hospitals/nafa-medical-care-center-chitradurga-karnataka-5364.htm,Chitradurga - 577501, Karnataka
9200,Karnataka,Chitradurga,Nethra Jyothi Eye Hospital,https://www.medindia.net/directories/hospitals/nethra-jyothi-eye-hospital-chitradurga-karnataka-14132.htm,Chitradurga - 577501, Karnataka
9201,Karnataka,Chitradurga,Nisarga Clinic,https://www.medindia.net/directories/hospitals/nisarga-clinic-chitradurga-karnataka-82244.htm,Chitradurga - 577501, Karnataka
9202,Karnataka,Dakshina Kannada,Sri Sathya Sai Nursing Home,https://www.medindia.net/directories/hospitals/sri-sathya-sai-nursing-home-dakshina-kannada-karnataka-7753.htm,Dakshina Kannada - 575003, Karnataka
9203,Karnataka,Dakshina Kannada,Suraksha Health Care,https://www.medindia.net/directories/hospitals/suraksha-health-care-dakshina-kannada-karnataka-22593.htm,Dakshina Kannada - 574243, Karnataka
9204,Karnataka,Dakshina Kannada,Suraksha Nursing Home,https://www.medindia.net/directories/hospitals/suraksha-nursing-home-dakshina-kannada-karnataka-22631.htm,Dakshina Kannada - 575001, Karnataka
9205,Karnataka,Dakshina Kannada,Tara Clinic,https://www.medindia.net/directories/hospitals/tara-clinic-dakshina-kannada-karnataka-7534.htm,Dakshina Kannada - 575001, Karnataka
9206,Karnataka,Dakshina Kannada,Ullal Gen Hospital &Kariram Memeoral Hospital,https://www.medindia.net/directories/hospitals/ullal-gen-hospital-kariram-memeoral-hospital-dakshina-kannada-karnataka-39530.htm,Dakshina Kannada - 575001, Karnataka
9207,Karnataka,Dakshina Kannada,A J Hospital & Research Centre,https://www.medindia.net/directories/hospitals/a-j-hospital-research-centre-dakshina-kannada-karnataka-47950.htm,Dakshina Kannada - 575004, Karnataka
9208,Karnataka,Dakshina Kannada,A. J. Hospital and Research Centre,https://www.medindia.net/directories/hospitals/a-j-hospital-and-research-centre-dakshina-kannada-karnataka-78142.htm,Dakshina Kannada - 575004, Karnataka
9209,Karnataka,Dakshina Kannada,Aayush Government Ayurvedic Hospital,https://www.medindia.net/directories/hospitals/aayush-government-ayurvedic-hospital-dakshina-kannada-karnataka-77517.htm,Dakshina Kannada - 574217, Karnataka
9210,Karnataka,Dakshina Kannada,Abhaya Hospital,https://www.medindia.net/directories/hospitals/abhaya-hospital-dakshina-kannada-karnataka-84940.htm,Dakshina Kannada - 574214, Karnataka
9211,Karnataka,Dakshina Kannada,Accordant Dental Clinic,https://www.medindia.net/directories/hospitals/accordant-dental-clinic-dakshina-kannada-karnataka-38722.htm,Dakshina Kannada - 575002, Karnataka
9212,Karnataka,Dakshina Kannada,Adarsh Ayurvedic Theraphy Clinic,https://www.medindia.net/directories/hospitals/adarsh-ayurvedic-theraphy-clinic-dakshina-kannada-karnataka-79457.htm,Dakshina Kannada - 575002, Karnataka
9213,Karnataka,Dakshina Kannada,Adarsha Hospital,https://www.medindia.net/directories/hospitals/adarsha-hospital-dakshina-kannada-karnataka-88217.htm,Dakshina Kannada - 574201, Karnataka
9214,Karnataka,Dakshina Kannada,Al-Shifa Nursing Home,https://www.medindia.net/directories/hospitals/al-shifa-nursing-home-dakshina-kannada-karnataka-102086.htm,Dakshina Kannada - 574231, Karnataka
9215,Karnataka,Dakshina Kannada,Alva's Health Centre,https://www.medindia.net/directories/hospitals/alvas-health-centre-dakshina-kannada-karnataka-102123.htm,Dakshina Kannada - 574227, Karnataka
9216,Karnataka,Dakshina Kannada,Alva's Health Centre,https://www.medindia.net/directories/hospitals/alvas-health-centre-dakshina-kannada-karnataka-85606.htm,Dakshina Kannada - 574227, Karnataka
9217,Karnataka,Dakshina Kannada,Anand Clinic,https://www.medindia.net/directories/hospitals/anand-clinic-dakshina-kannada-karnataka-52576.htm,Dakshina Kannada - 575003, Karnataka
9218,Karnataka,Dakshina Kannada,Anupam Nursing,https://www.medindia.net/directories/hospitals/anupam-nursing-dakshina-kannada-karnataka-86441.htm,Dakshina Kannada - 574219, Karnataka
9219,Karnataka,Dakshina Kannada,Anushree ENT Clinic,https://www.medindia.net/directories/hospitals/anushree-ent-clinic-dakshina-kannada-karnataka-73611.htm,Dakshina Kannada - 575003, Karnataka
9220,Karnataka,Dakshina Kannada,Arun Mens Beauty Clinic,https://www.medindia.net/directories/hospitals/arun-mens-beauty-clinic-dakshina-kannada-karnataka-12727.htm,Dakshina Kannada - 575003, Karnataka
9221,Karnataka,Dakshina Kannada,Ashwini Clinic,https://www.medindia.net/directories/hospitals/ashwini-clinic-dakshina-kannada-karnataka-56211.htm,Dakshina Kannada - 574240, Karnataka
9222,Karnataka,Dakshina Kannada,Ashwini Clinic,https://www.medindia.net/directories/hospitals/ashwini-clinic-dakshina-kannada-karnataka-12448.htm,Dakshina Kannada - 574313, Karnataka
9223,Karnataka,Dakshina Kannada,Ashwini Hospital,https://www.medindia.net/directories/hospitals/ashwini-hospital-dakshina-kannada-karnataka-98832.htm,Dakshina Kannada - 574229, Karnataka
9224,Karnataka,Dakshina Kannada,Athena Healthcare Pvt. Ltd.,https://www.medindia.net/directories/hospitals/athena-healthcare-pvt-ltd-dakshina-kannada-karnataka-95110.htm,Dakshina Kannada - 575001, Karnataka
9225,Karnataka,Dakshina Kannada,Athena Hospital,https://www.medindia.net/directories/hospitals/athena-hospital-dakshina-kannada-karnataka-45090.htm,Dakshina Kannada - 575001, Karnataka
9226,Karnataka,Dakshina Kannada,AyurDhama Ayurveda Hospital,https://www.medindia.net/directories/hospitals/ayurdhama-ayurveda-hospital-dakshina-kannada-karnataka-23196.htm,Dakshina Kannada - 574239, Karnataka
9227,Karnataka,Dakshina Kannada,Ba Hospital,https://www.medindia.net/directories/hospitals/ba-hospital-dakshina-kannada-karnataka-92756.htm,Dakshina Kannada - 574211, Karnataka
9228,Karnataka,Dakshina Kannada,Benaka Clinic,https://www.medindia.net/directories/hospitals/benaka-clinic-dakshina-kannada-karnataka-673.htm,Dakshina Kannada - 574243, Karnataka
9229,Karnataka,Dakshina Kannada,Benaka Health Centre,https://www.medindia.net/directories/hospitals/benaka-health-centre-dakshina-kannada-karnataka-675.htm,Dakshina Kannada - 574240, Karnataka
9230,Karnataka,Dakshina Kannada,Bharadwaja Clinic,https://www.medindia.net/directories/hospitals/bharadwaja-clinic-dakshina-kannada-karnataka-102242.htm,Dakshina Kannada - 574212, Karnataka
9231,Karnataka,Dakshina Kannada,Bhats Clinic and Day Care Centre,https://www.medindia.net/directories/hospitals/bhats-clinic-and-day-care-centre-dakshina-kannada-karnataka-103209.htm,Dakshina Kannada - 574233, Karnataka
9232,Karnataka,Davanagere,Adhikar Clinic,https://www.medindia.net/directories/hospitals/adhikar-clinic-davanagere-karnataka-73458.htm,Davanagere - 583131, Karnataka
9233,Karnataka,Davanagere,Al Ameen Clinic & Medical,https://www.medindia.net/directories/hospitals/al-ameen-clinic-medical-davanagere-karnataka-85434.htm,Davanagere - 577601, Karnataka
9234,Karnataka,Davanagere,Aryan Speciality Health Centre,https://www.medindia.net/directories/hospitals/aryan-speciality-health-centre-davanagere-karnataka-76785.htm,Davanagere - 577004, Karnataka
9235,Karnataka,Davanagere,Bapuji Dental College & Hospital,https://www.medindia.net/directories/hospitals/bapuji-dental-college-hospital-davanagere-karnataka-24490.htm,Davanagere - 577004, Karnataka
9236,Karnataka,Davanagere,Bapuji Dental College And Hospital,https://www.medindia.net/directories/hospitals/bapuji-dental-college-and-hospital-davanagere-karnataka-40095.htm,Davanagere - 577004, Karnataka
9237,Karnataka,Davanagere,Bapuji Hospital,https://www.medindia.net/directories/hospitals/bapuji-hospital-davanagere-karnataka-51022.htm,Davanagere - 577002, Karnataka
9238,Karnataka,Davanagere,Chirag Dental Hospital,https://www.medindia.net/directories/hospitals/chirag-dental-hospital-davanagere-karnataka-9704.htm,Davanagere - 577004, Karnataka
9239,Karnataka,Davanagere,City Central Hospital,https://www.medindia.net/directories/hospitals/city-central-hospital-davanagere-karnataka-61717.htm,Davanagere - 577002, Karnataka
9240,Karnataka,Davanagere,Davanagere Heart Hospital,https://www.medindia.net/directories/hospitals/davanagere-heart-hospital-davanagere-karnataka-43385.htm,Davanagere - 577004, Karnataka
9241,Karnataka,Davanagere,Davangere Wellness Clinic,https://www.medindia.net/directories/hospitals/davangere-wellness-clinic-davanagere-karnataka-50157.htm,Davanagere - 577002, Karnataka
9242,Karnataka,Davangere,Shree Sharada Nursing Home,https://www.medindia.net/directories/hospitals/shree-sharada-nursing-home-davangere-karnataka-5990.htm,Davangere - 577601, Karnataka
9243,Karnataka,Davangere,Sri Ramakrishna Nursing Home,https://www.medindia.net/directories/hospitals/sri-ramakrishna-nursing-home-davangere-karnataka-9265.htm,Davangere - 577002, Karnataka
9244,Karnataka,Davangere,Susruta Eye Clinic And Laser Centre,https://www.medindia.net/directories/hospitals/susruta-eye-clinic-and-laser-centre-davangere-karnataka-11193.htm,Davangere - 577002, Karnataka
9245,Karnataka,Davangere,Alfifa Clinic,https://www.medindia.net/directories/hospitals/alfifa-clinic-davangere-karnataka-17182.htm,Davangere - 577006, Karnataka
9246,Karnataka,Davangere,Anugraha Hospital,https://www.medindia.net/directories/hospitals/anugraha-hospital-davangere-karnataka-86319.htm,Davangere - 577004, Karnataka
9247,Karnataka,Davangere,Apoorva Hospital,https://www.medindia.net/directories/hospitals/apoorva-hospital-davangere-karnataka-101862.htm,Davangere - 577002, Karnataka
9248,Karnataka,Davangere,Aradhya Hospital,https://www.medindia.net/directories/hospitals/aradhya-hospital-davangere-karnataka-94061.htm,Davangere - 577002, Karnataka
9249,Karnataka,Davangere,Ashraya Hospital,https://www.medindia.net/directories/hospitals/ashraya-hospital-davangere-karnataka-98776.htm,Davangere - 577004, Karnataka
9250,Karnataka,Davangere,Ashwini Nursing Home,https://www.medindia.net/directories/hospitals/ashwini-nursing-home-davangere-karnataka-94581.htm,Davangere - 577002, Karnataka
9251,Karnataka,Davangere,Aswini Nursing Home,https://www.medindia.net/directories/hospitals/aswini-nursing-home-davangere-karnataka-94067.htm,Davangere - 577002, Karnataka
9252,Karnataka,Dharwad,Mannan Maternity & Infertility Centre,https://www.medindia.net/directories/hospitals/mannan-maternity-infertility-centre-dharwad-karnataka-4544.htm,Dharwad - 580020, Karnataka
9253,Karnataka,Dharwad,Sdm Narayana Hrudayalaya Heart Center,https://www.medindia.net/directories/hospitals/sdm-narayana-hrudayalaya-heart-center-dharwad-karnataka-42153.htm,Dharwad - 580009, Karnataka
9254,Karnataka,Dharwad,Sri Dharma Shala Manjunathewhwara College Of Medic,https://www.medindia.net/directories/hospitals/sri-dharma-shala-manjunathewhwara-college-of-medic-dharwad-karnataka-27477.htm,Dharwad - 580009, Karnataka
9255,Karnataka,Dharwad,Sushruta Multispeciality Hospital & Research Center,https://www.medindia.net/directories/hospitals/sushruta-multispeciality-hospital-research-center-dharwad-karnataka-11095.htm,Dharwad - 580021, Karnataka
9256,Karnataka,Dharwad,The Karnatak Cancer Therapy And Research Institute,https://www.medindia.net/directories/hospitals/the-karnatak-cancer-therapy-and-research-institute-dharwad-karnataka-30739.htm,Dharwad - 580025, Karnataka
9257,Karnataka,Dharwad,Anjuman Hospital and Research Centre,https://www.medindia.net/directories/hospitals/anjuman-hospital-and-research-centre-dharwad-karnataka-74772.htm,Dharwad - 580020, Karnataka
9258,Karnataka,Dharwad,Ayurvaid Hospital,https://www.medindia.net/directories/hospitals/ayurvaid-hospital-dharwad-karnataka-98037.htm,Dharwad - 580021, Karnataka
9259,Karnataka,Dharwad,Balaji Institute of Neuro Sciences & Trauma,https://www.medindia.net/directories/hospitals/balaji-institute-of-neuro-sciences-trauma-dharwad-karnataka-32260.htm,Dharwad - 580021, Karnataka
9260,Karnataka,Dharwad,Banashankari Hospital Pvt Ltd,https://www.medindia.net/directories/hospitals/banashankari-hospital-pvt-ltd-dharwad-karnataka-100960.htm,Dharwad - 580020, Karnataka
9261,Karnataka,Dharwad,Bhuvaneshwari Hospital Hubli,https://www.medindia.net/directories/hospitals/bhuvaneshwari-hospital-hubli-dharwad-karnataka-103361.htm,Dharwad - 580029, Karnataka
9262,Karnataka,Dharwad,Bilagi Hospital And Research Center,https://www.medindia.net/directories/hospitals/bilagi-hospital-and-research-center-dharwad-karnataka-103387.htm,Dharwad - 580020, Karnataka
9263,Karnataka,Dharwad,Chaitanya Mulispeciality Hospital,https://www.medindia.net/directories/hospitals/chaitanya-mulispeciality-hospital-dharwad-karnataka-103986.htm,Dharwad - 580029, Karnataka
9264,Karnataka,Dharwad,Chaitanya Multispeciality Hospital,https://www.medindia.net/directories/hospitals/chaitanya-multispeciality-hospital-dharwad-karnataka-103989.htm,Dharwad - 580020, Karnataka
9265,Karnataka,Dharwad,Chandan Nagar Ocular Clinic,https://www.medindia.net/directories/hospitals/chandan-nagar-ocular-clinic-dharwad-karnataka-93110.htm,Dharwad - 580020, Karnataka
9266,Karnataka,Dharwad,Chandannagore (S D ) Hospital,https://www.medindia.net/directories/hospitals/chandannagore-s-d-hospital-dharwad-karnataka-93145.htm,Dharwad - 580020, Karnataka
9267,Karnataka,Dharwad,Chetana Dental Clinic,https://www.medindia.net/directories/hospitals/chetana-dental-clinic-dharwad-karnataka-20468.htm,Dharwad - 580007, Karnataka
9268,Karnataka,Dharwad,Chitguppi Hospital,https://www.medindia.net/directories/hospitals/chitguppi-hospital-dharwad-karnataka-98318.htm,Dharwad - 580020, Karnataka
9269,Karnataka,Dharwad,City Clinic,https://www.medindia.net/directories/hospitals/city-clinic-dharwad-karnataka-103987.htm,Dharwad - 580020, Karnataka
9270,Karnataka,Dharwad,Cranio Facial Surgeryand Research Centre,https://www.medindia.net/directories/hospitals/cranio-facial-surgeryand-research-centre-dharwad-karnataka-85095.htm,Dharwad - 580009, Karnataka
9271,Karnataka,Dharwad,Day Case Children For Children,https://www.medindia.net/directories/hospitals/day-case-children-for-children-dharwad-karnataka-1991.htm,Dharwad - 580020, Karnataka
9272,Karnataka,Gadag,Aashraya Hospital,https://www.medindia.net/directories/hospitals/aashraya-hospital-gadag-karnataka-71835.htm,Gadag - 582101, Karnataka
9273,Karnataka,Gadag,Adamya Hospital And Orthocare Centre,https://www.medindia.net/directories/hospitals/adamya-hospital-and-orthocare-centre-gadag-karnataka-29672.htm,Gadag - 582103, Karnataka
9274,Karnataka,Gadag,Agadi Sunrise Hospital Private Limited Laxmeshwar,https://www.medindia.net/directories/hospitals/agadi-sunrise-hospital-private-limited-laxmeshwar-gadag-karnataka-57833.htm,Gadag - 582101, Karnataka
9275,Karnataka,Gadag,Agadi Sunrise Hospital Pvt Ltd,https://www.medindia.net/directories/hospitals/agadi-sunrise-hospital-pvt-ltd-gadag-karnataka-29038.htm,Gadag - 582101, Karnataka
9276,Karnataka,Gadag,Anand Nursing Home,https://www.medindia.net/directories/hospitals/anand-nursing-home-gadag-karnataka-88795.htm,Gadag - 583227, Karnataka
9277,Karnataka,Gadag,Annapurna Eye Clinic,https://www.medindia.net/directories/hospitals/annapurna-eye-clinic-gadag-karnataka-86037.htm,Gadag - 582101, Karnataka
9278,Karnataka,Gadag,Annapurna Multispeciality Hospital,https://www.medindia.net/directories/hospitals/annapurna-multispeciality-hospital-gadag-karnataka-86104.htm,Gadag - 583227, Karnataka
9279,Karnataka,Gadag,Basel Mission ( C.S.I ) Hospital,https://www.medindia.net/directories/hospitals/basel-mission-csi-hospital-gadag-karnataka-548.htm,Gadag - 582102, Karnataka
9280,Karnataka,Gadag,DGM ayurvedic medical college avd hospital,https://www.medindia.net/directories/hospitals/dgm-ayurvedic-medical-college-avd-hospital-gadag-karnataka-39805.htm,Gadag - 582103, Karnataka
9281,Karnataka,Gadag,Dr G Chandrappa Multi Speciality Hospital,https://www.medindia.net/directories/hospitals/dr-g-chandrappa-multi-speciality-hospital-gadag-karnataka-103776.htm,Gadag - 583227, Karnataka
9282,Karnataka,Gadag,Dr Purad Clinic,https://www.medindia.net/directories/hospitals/dr-purad-clinic-gadag-karnataka-59175.htm,Gadag - 582103, Karnataka
9283,Karnataka,Gadag,Dr. Mallappa Meternity Nursing Home,https://www.medindia.net/directories/hospitals/dr-mallappa-meternity-nursing-home-gadag-karnataka-99619.htm,Gadag - 582209, Karnataka
9284,Karnataka,Gadag,Dr.Gadag Hospital,https://www.medindia.net/directories/hospitals/drgadag-hospital-gadag-karnataka-87438.htm,Gadag - 582101, Karnataka
9285,Karnataka,Gadag,Dr.Kololgi Laser Centre Hair and Skin Clinic,https://www.medindia.net/directories/hospitals/drkololgi-laser-centre-hair-and-skin-clinic-gadag-karnataka-60709.htm,Gadag - 582101, Karnataka
9286,Karnataka,Gadag,Government General Hospital Gangavathi,https://www.medindia.net/directories/hospitals/government-general-hospital-gangavathi-gadag-karnataka-96624.htm,Gadag - 583227, Karnataka
9287,Karnataka,Gadag,Hosmath Hospital,https://www.medindia.net/directories/hospitals/hosmath-hospital-gadag-karnataka-88398.htm,Gadag - 582101, Karnataka
9288,Karnataka,Gadag,Kasturba Hospital,https://www.medindia.net/directories/hospitals/kasturba-hospital-gadag-karnataka-1449.htm,Gadag - 582103, Karnataka
9289,Karnataka,Gadag,Kh Patil Hospital Research Centre,https://www.medindia.net/directories/hospitals/kh-patil-hospital-research-centre-gadag-karnataka-103135.htm,Gadag - 582101, Karnataka
9290,Karnataka,Gadag,Maruthi Eye Hospital,https://www.medindia.net/directories/hospitals/maruthi-eye-hospital-gadag-karnataka-2311.htm,Gadag - 582102, Karnataka
9291,Karnataka,Gadag,N.B. Patil Hospital,https://www.medindia.net/directories/hospitals/nb-patil-hospital-gadag-karnataka-74656.htm,Gadag - 582103, Karnataka
9292,Karnataka,Gadag,R T Kulkarni Nursing Home,https://www.medindia.net/directories/hospitals/r-t-kulkarni-nursing-home-gadag-karnataka-5603.htm,Gadag - 582102, Karnataka
9293,Karnataka,Gadag,Rajiv Gandhi Education Society's hospital,https://www.medindia.net/directories/hospitals/rajiv-gandhi-education-societys-hospital-gadag-karnataka-24788.htm,Gadag - 582209, Karnataka
9294,Karnataka,Gadag,Renuka Hospital,https://www.medindia.net/directories/hospitals/renuka-hospital-gadag-karnataka-2519.htm,Gadag - 582101, Karnataka
9295,Karnataka,Gadag,Rukmani Agro Clinic,https://www.medindia.net/directories/hospitals/rukmani-agro-clinic-gadag-karnataka-66543.htm,Gadag - 582101, Karnataka
9296,Karnataka,Gadag,Shobha Hospital,https://www.medindia.net/directories/hospitals/shobha-hospital-gadag-karnataka-78299.htm,Gadag - 582103, Karnataka
9297,Karnataka,Gadag,Shobha Hospital,https://www.medindia.net/directories/hospitals/shobha-hospital-gadag-karnataka-3164.htm,Gadag - 582103, Karnataka
9298,Karnataka,Gadag,Shusrusha Nursing Home,https://www.medindia.net/directories/hospitals/shusrusha-nursing-home-gadag-karnataka-7809.htm,Gadag - 583227, Karnataka
9299,Karnataka,Gadag,Sonia Nursing Home,https://www.medindia.net/directories/hospitals/sonia-nursing-home-gadag-karnataka-8557.htm,Gadag - 582103, Karnataka
9300,Karnataka,Gadag,Sri Raghavendra Clinic,https://www.medindia.net/directories/hospitals/sri-raghavendra-clinic-gadag-karnataka-85809.htm,Gadag - 582114, Karnataka
9301,Karnataka,Gadag,Sri Siddheswara Nursing Home,https://www.medindia.net/directories/hospitals/sri-siddheswara-nursing-home-gadag-karnataka-7901.htm,Gadag - 583227, Karnataka
9302,Karnataka,Gauribidanur,Manjunatha Cardiac Clinic,https://www.medindia.net/directories/hospitals/manjunatha-cardiac-clinic-gauribidanur-karnataka-92160.htm,Gauribidanur - 561208, Karnataka
9303,Karnataka,Hagaribommanahalli,Government General Hospital,https://www.medindia.net/directories/hospitals/government-general-hospital-hagaribommanahalli-karnataka-78946.htm,Hagaribommanahalli - 583212, Karnataka
9304,Karnataka,Harihar,Arogya Matheya Hospital,https://www.medindia.net/directories/hospitals/arogya-matheya-hospital-harihar-karnataka-76337.htm,Harihar - 577601, Karnataka
9305,Karnataka,Hassan,Ramakrishna Nursing Home,https://www.medindia.net/directories/hospitals/ramakrishna-nursing-home-hassan-karnataka-26442.htm,Hassan - 573201, Karnataka
9306,Karnataka,Hassan,Sri Dharmasthala Manjunatheshwara Ayurveda Hospital Hassan,https://www.medindia.net/directories/hospitals/sri-dharmasthala-manjunatheshwara-ayurveda-hospital-hassan-hassan-karnataka-27479.htm,Hassan - 573201, Karnataka
9307,Karnataka,Hassan,Abhishek Nethradhama,https://www.medindia.net/directories/hospitals/abhishek-nethradhama-hassan-karnataka-87958.htm,Hassan - 573103, Karnataka
9308,Karnataka,Hassan,Aksha Dental Clinic,https://www.medindia.net/directories/hospitals/aksha-dental-clinic-hassan-karnataka-57701.htm,Hassan - 573201, Karnataka
9309,Karnataka,Hassan,Aldur Clinic,https://www.medindia.net/directories/hospitals/aldur-clinic-hassan-karnataka-98450.htm,Hassan - 573201, Karnataka
9310,Karnataka,Hassan,Ashwini Hospital,https://www.medindia.net/directories/hospitals/ashwini-hospital-hassan-karnataka-98835.htm,Hassan - 573103, Karnataka
9311,Karnataka,Hassan,Balaji Nursing Home,https://www.medindia.net/directories/hospitals/balaji-nursing-home-hassan-karnataka-81070.htm,Hassan - 560026, Karnataka
9312,Karnataka,Hassan,Bharathi Hospital,https://www.medindia.net/directories/hospitals/bharathi-hospital-hassan-karnataka-44113.htm,Hassan - 573116, Karnataka
9313,Karnataka,Hassan,Bharathi Hospital,https://www.medindia.net/directories/hospitals/bharathi-hospital-hassan-karnataka-102435.htm,Hassan - 573116, Karnataka
9314,Karnataka,Hassan,Bharathi Multispeciality Dental Clinic,https://www.medindia.net/directories/hospitals/bharathi-multispeciality-dental-clinic-hassan-karnataka-43733.htm,Hassan - 573201, Karnataka
9315,Karnataka,Hassan,Bharathi Nursing Home,https://www.medindia.net/directories/hospitals/bharathi-nursing-home-hassan-karnataka-98394.htm,Hassan - 573201, Karnataka
9316,Karnataka,Hassan,Chamarajendra Hospital,https://www.medindia.net/directories/hospitals/chamarajendra-hospital-hassan-karnataka-83033.htm,Hassan - 573201, Karnataka
9317,Karnataka,Hassan,Chethana Neuro Centre,https://www.medindia.net/directories/hospitals/chethana-neuro-centre-hassan-karnataka-98399.htm,Hassan - 573201, Karnataka
9318,Karnataka,Hassan,CSI Redfern Memorial Hospital,https://www.medindia.net/directories/hospitals/csi-redfern-memorial-hospital-hassan-karnataka-98885.htm,Hassan - 573201, Karnataka
9319,Karnataka,Hassan,Dange Hospital,https://www.medindia.net/directories/hospitals/dange-hospital-hassan-karnataka-98877.htm,Hassan - 573201, Karnataka
9320,Karnataka,Hassan,Das Diagnostic Lab and Scanning Centre,https://www.medindia.net/directories/hospitals/das-diagnostic-lab-and-scanning-centre-hassan-karnataka-98403.htm,Hassan - 573201, Karnataka
9321,Karnataka,Hassan,DR Gangadhar Clinic,https://www.medindia.net/directories/hospitals/dr-gangadhar-clinic-hassan-karnataka-44316.htm,Hassan - 573201, Karnataka
9322,Karnataka,Hassan,Good Health Clinic,https://www.medindia.net/directories/hospitals/good-health-clinic-hassan-karnataka-56952.htm,Hassan - 573201, Karnataka
9323,Karnataka,Hassan,Government Ayurvedic Hospital,https://www.medindia.net/directories/hospitals/government-ayurvedic-hospital-hassan-karnataka-79023.htm,Hassan - 573130, Karnataka
9324,Karnataka,Hassan,Government Hospital,https://www.medindia.net/directories/hospitals/government-hospital-hassan-karnataka-79032.htm,Hassan - 573142, Karnataka
9325,Karnataka,Hassan,Government Hospital,https://www.medindia.net/directories/hospitals/government-hospital-hassan-karnataka-79049.htm,Hassan - 573211, Karnataka
9326,Karnataka,Hassan,Government Hospital,https://www.medindia.net/directories/hospitals/government-hospital-hassan-karnataka-79060.htm,Hassan - 573116, Karnataka
9327,Karnataka,Hassan,Government Hospital,https://www.medindia.net/directories/hospitals/government-hospital-hassan-karnataka-79061.htm,Hassan - 573144, Karnataka
9328,Karnataka,Hassan,Government Hospital,https://www.medindia.net/directories/hospitals/government-hospital-hassan-karnataka-79016.htm,Hassan - 573102, Karnataka
9329,Karnataka,Hassan,Government Hospital,https://www.medindia.net/directories/hospitals/government-hospital-hassan-karnataka-79021.htm,Hassan - 573123, Karnataka
9330,Karnataka,Hassan,Government Hospital,https://www.medindia.net/directories/hospitals/government-hospital-hassan-karnataka-89244.htm,Hassan - 573201, Karnataka
9331,Karnataka,Hassan,Government Hospital,https://www.medindia.net/directories/hospitals/government-hospital-hassan-karnataka-78954.htm,Hassan - 573129, Karnataka
9332,Karnataka,Hassan,Government Hospital,https://www.medindia.net/directories/hospitals/government-hospital-hassan-karnataka-78988.htm,Hassan - 573130, Karnataka
9333,Karnataka,Hassan,Government Hospital,https://www.medindia.net/directories/hospitals/government-hospital-hassan-karnataka-79007.htm,Hassan - 573137, Karnataka
9334,Karnataka,Hassan,Government Primary Hospital,https://www.medindia.net/directories/hospitals/government-primary-hospital-hassan-karnataka-79001.htm,Hassan - 573137, Karnataka
9335,Karnataka,Haveri,Suraksha Truma And Arthopaedic Surgical Hospital,https://www.medindia.net/directories/hospitals/suraksha-truma-and-arthopaedic-surgical-hospital-haveri-karnataka-22695.htm,Haveri - 581115, Karnataka
9336,Karnataka,Haveri,Amrutham Ayurvedic Hospital,https://www.medindia.net/directories/hospitals/amrutham-ayurvedic-hospital-haveri-karnataka-81685.htm,Haveri - 581115, Karnataka
9337,Karnataka,Haveri,Balehosur Clinic - Child Healthcare Center,https://www.medindia.net/directories/hospitals/balehosur-clinic-child-healthcare-center-haveri-karnataka-82005.htm,Haveri - 581110, Karnataka
9338,Karnataka,Haveri,Baligar Hospital,https://www.medindia.net/directories/hospitals/baligar-hospital-haveri-karnataka-82007.htm,Haveri - 581110, Karnataka
9339,Karnataka,Haveri,Challegeri Hospital,https://www.medindia.net/directories/hospitals/challegeri-hospital-haveri-karnataka-83024.htm,Haveri - 581115, Karnataka
9340,Karnataka,Haveri,District Hospital,https://www.medindia.net/directories/hospitals/district-hospital-haveri-karnataka-89246.htm,Haveri - 581110, Karnataka
9341,Karnataka,Haveri,Dr Handral Nursing Home,https://www.medindia.net/directories/hospitals/dr-handral-nursing-home-haveri-karnataka-103833.htm,Haveri - 581110, Karnataka
9342,Karnataka,Haveri,Dr. Gadad S s (General Hospital),https://www.medindia.net/directories/hospitals/dr-gadad-s-s-general-hospital-haveri-karnataka-83475.htm,Haveri - 581115, Karnataka
9343,Karnataka,Haveri,Dr.Dange Nursing Home,https://www.medindia.net/directories/hospitals/drdange-nursing-home-haveri-karnataka-87396.htm,Haveri - 581110, Karnataka
9344,Karnataka,Haveri,Dr.Lodaya Hospital,https://www.medindia.net/directories/hospitals/drlodaya-hospital-haveri-karnataka-87593.htm,Haveri - 581110, Karnataka
9345,Karnataka,Haveri,Ganga Surgical And Maternity Home,https://www.medindia.net/directories/hospitals/ganga-surgical-and-maternity-home-haveri-karnataka-915.htm,Haveri - 581110, Karnataka
9346,Karnataka,Haveri,Government Hospital,https://www.medindia.net/directories/hospitals/government-hospital-haveri-karnataka-73651.htm,Haveri - 581115, Karnataka
9347,Karnataka,Haveri,Heggeri Hospital,https://www.medindia.net/directories/hospitals/heggeri-hospital-haveri-karnataka-64849.htm,Haveri - 581110, Karnataka
9348,Karnataka,Haveri,Jaydev Agri Clinic,https://www.medindia.net/directories/hospitals/jaydev-agri-clinic-haveri-karnataka-36870.htm,Haveri - 581115, Karnataka
9349,Karnataka,Haveri,Kamagal Ayur Clinic,https://www.medindia.net/directories/hospitals/kamagal-ayur-clinic-haveri-karnataka-78471.htm,Haveri - 581110, Karnataka
9350,Karnataka,Haveri,Kantesh Hospital,https://www.medindia.net/directories/hospitals/kantesh-hospital-haveri-karnataka-32310.htm,Haveri - 581110, Karnataka
9351,Karnataka,Haveri,Kelagar Medical Center,https://www.medindia.net/directories/hospitals/kelagar-medical-center-haveri-karnataka-89999.htm,Haveri - 581115, Karnataka
9352,Karnataka,Haveri,Lavanya Clinic,https://www.medindia.net/directories/hospitals/lavanya-clinic-haveri-karnataka-50116.htm,Haveri - 581110, Karnataka
9353,Karnataka,Haveri,Maidur Dental Clinic,https://www.medindia.net/directories/hospitals/maidur-dental-clinic-haveri-karnataka-22250.htm,Haveri - 581115, Karnataka
9354,Karnataka,Haveri,Malladad Rudramma Memorial Hospital,https://www.medindia.net/directories/hospitals/malladad-rudramma-memorial-hospital-haveri-karnataka-9316.htm,Haveri - 581110, Karnataka
9355,Karnataka,Hosapete,Amarjyoti Hospital,https://www.medindia.net/directories/hospitals/amarjyoti-hospital-hosapete-karnataka-85830.htm,Hosapete - 583201, Karnataka
9356,Karnataka,Hosapete,Anandvalli Nursing Home,https://www.medindia.net/directories/hospitals/anandvalli-nursing-home-hosapete-karnataka-85837.htm,Hosapete - 583103, Karnataka
9357,Karnataka,Hosapete,Ashok Dadar Nursing Home,https://www.medindia.net/directories/hospitals/ashok-dadar-nursing-home-hosapete-karnataka-85843.htm,Hosapete - 583101, Karnataka
9358,Karnataka,Hosapete,BG Achar Nursing Home,https://www.medindia.net/directories/hospitals/bg-achar-nursing-home-hosapete-karnataka-85850.htm,Hosapete - 583101, Karnataka
9359,Karnataka,Hosapete,Children's Nursing Home,https://www.medindia.net/directories/hospitals/childrens-nursing-home-hosapete-karnataka-85858.htm,Hosapete - 583201, Karnataka
9360,Karnataka,Hosapete,Dr. Amareshwar Nursing Home,https://www.medindia.net/directories/hospitals/dr-amareshwar-nursing-home-hosapete-karnataka-85866.htm,Hosapete - 583201, Karnataka
9361,Karnataka,Hosapete,Dr. Kulkarni Maternity & Surgical Nursing Home,https://www.medindia.net/directories/hospitals/dr-kulkarni-maternity-surgical-nursing-home-hosapete-karnataka-85872.htm,Hosapete - 583103, Karnataka
9362,Karnataka,Hosapete,Dr. Nerakal Nursing Home,https://www.medindia.net/directories/hospitals/dr-nerakal-nursing-home-hosapete-karnataka-85881.htm,Hosapete - 583101, Karnataka
9363,Karnataka,Hosapete,Dr. Panduranga Nursing Home,https://www.medindia.net/directories/hospitals/dr-panduranga-nursing-home-hosapete-karnataka-85889.htm,Hosapete - 583101, Karnataka
9364,Karnataka,Hosapete,Dr. Ramdass Nursing Home,https://www.medindia.net/directories/hospitals/dr-ramdass-nursing-home-hosapete-karnataka-85896.htm,Hosapete - 583101, Karnataka
9365,Karnataka,Hoskote,Noble Pediatric Clinic,https://www.medindia.net/directories/hospitals/noble-pediatric-clinic-hoskote-karnataka-74464.htm,Hoskote - 562114, Karnataka
9366,Karnataka,Hoskote,Silicon City Hospital,https://www.medindia.net/directories/hospitals/silicon-city-hospital-hoskote-karnataka-79182.htm,Hoskote - 562114, Karnataka
9367,Karnataka,Hubballi,Agadi Sunrise Hospital,https://www.medindia.net/directories/hospitals/agadi-sunrise-hospital-hubballi-karnataka-71195.htm,Hubballi - 582116, Karnataka
9368,Karnataka,Hubballi,Allocare Child ENT And Paediatric Care,https://www.medindia.net/directories/hospitals/allocare-child-ent-and-paediatric-care-hubballi-karnataka-85566.htm,Hubballi - 580008, Karnataka
9369,Karnataka,Hubballi,Alvas Ayurveda Medical College Hospital,https://www.medindia.net/directories/hospitals/alvas-ayurveda-medical-college-hospital-hubballi-karnataka-85605.htm,Hubballi - 574227, Karnataka
9370,Karnataka,Hubballi,Anand Pain Relief and Rehabilitation Institute,https://www.medindia.net/directories/hospitals/anand-pain-relief-and-rehabilitation-institute-hubballi-karnataka-85935.htm,Hubballi - 580023, Karnataka
9371,Karnataka,Hubballi,Anjana Dental Clinic,https://www.medindia.net/directories/hospitals/anjana-dental-clinic-hubballi-karnataka-20133.htm,Hubballi - 580021, Karnataka
9372,Karnataka,Hubballi,Arivu Health Care Polyclinic,https://www.medindia.net/directories/hospitals/arivu-health-care-polyclinic-hubballi-karnataka-70209.htm,Hubballi - 580031, Karnataka
9373,Karnataka,Hubballi,Ashwini Clinic,https://www.medindia.net/directories/hospitals/ashwini-clinic-hubballi-karnataka-27693.htm,Hubballi - 581205, Karnataka
9374,Karnataka,Hubballi,Auto Clinic Hubli,https://www.medindia.net/directories/hospitals/auto-clinic-hubli-hubballi-karnataka-36569.htm,Hubballi - 580029, Karnataka
9375,Karnataka,Hubballi,Ayurveda And Panchakarma Speciality Treatment,https://www.medindia.net/directories/hospitals/ayurveda-and-panchakarma-speciality-treatment-hubballi-karnataka-82441.htm,Hubballi - 580020, Karnataka
9376,Karnataka,Hubballi,Ayurveda Mahavidayalaya And Hospital,https://www.medindia.net/directories/hospitals/ayurveda-mahavidayalaya-and-hospital-hubballi-karnataka-16934.htm,Hubballi - 580024, Karnataka
9377,Karnataka,Jamkhandi,Sri Srinivas Children and Maternity Hospital,https://www.medindia.net/directories/hospitals/sri-srinivas-children-and-maternity-hospital-jamkhandi-karnataka-75892.htm,Jamkhandi - 587301, Karnataka
9378,Karnataka,Kadur,Chetana Hospital,https://www.medindia.net/directories/hospitals/chetana-hospital-kadur-karnataka-12264.htm,Kadur - 577548, Karnataka
9379,Karnataka,Kalaburagi,Shree Basavalingappa Nisty Memorial Heart Center,https://www.medindia.net/directories/hospitals/shree-basavalingappa-nisty-memorial-heart-center-kalaburagi-karnataka-7188.htm,Kalaburagi - 585102, Karnataka
9380,Karnataka,Kalaburagi,Sri Sai Krupa Hospital,https://www.medindia.net/directories/hospitals/sri-sai-krupa-hospital-kalaburagi-karnataka-9732.htm,Kalaburagi - 585102, Karnataka
9381,Karnataka,Kalaburagi,Adarsh Maternity Nursing Home,https://www.medindia.net/directories/hospitals/adarsh-maternity-nursing-home-kalaburagi-karnataka-94303.htm,Kalaburagi - 585104, Karnataka
9382,Karnataka,Kalaburagi,Aditya Hospital,https://www.medindia.net/directories/hospitals/aditya-hospital-kalaburagi-karnataka-88383.htm,Kalaburagi - 585102, Karnataka
9383,Karnataka,Kalaburagi,Al Shifa Dental Clinic,https://www.medindia.net/directories/hospitals/al-shifa-dental-clinic-kalaburagi-karnataka-85594.htm,Kalaburagi - 585104, Karnataka
9384,Karnataka,Kalaburagi,AL-Nisa Maternity & General Hospital,https://www.medindia.net/directories/hospitals/al-nisa-maternity-general-hospital-kalaburagi-karnataka-85572.htm,Kalaburagi - 585104, Karnataka
9385,Karnataka,Kalaburagi,Anand Hospital,https://www.medindia.net/directories/hospitals/anand-hospital-kalaburagi-karnataka-88725.htm,Kalaburagi - 585101, Karnataka
9386,Karnataka,Kalaburagi,Annapoorna Nursing Home,https://www.medindia.net/directories/hospitals/annapoorna-nursing-home-kalaburagi-karnataka-94325.htm,Kalaburagi - 585102, Karnataka
9387,Karnataka,Kalaburagi,Apheta Institute of Clinical Research,https://www.medindia.net/directories/hospitals/apheta-institute-of-clinical-research-kalaburagi-karnataka-32840.htm,Kalaburagi - 585101, Karnataka
9388,Karnataka,Kalaburagi,Ashirwad Maternity and Children Hospital,https://www.medindia.net/directories/hospitals/ashirwad-maternity-and-children-hospital-kalaburagi-karnataka-96036.htm,Kalaburagi - 585103, Karnataka
9389,Karnataka,Kalladka,Pushparaj Hospital,https://www.medindia.net/directories/hospitals/pushparaj-hospital-kalladka-karnataka-24262.htm,Kalladka - 574222, Karnataka
9390,Karnataka,Karwar,Care Dental Clinic,https://www.medindia.net/directories/hospitals/care-dental-clinic-karwar-karnataka-12538.htm,Karwar - 581304, Karnataka
9391,Karnataka,Karwar,Clinical Laboratory,https://www.medindia.net/directories/hospitals/clinical-laboratory-karwar-karnataka-64847.htm,Karwar - 581341, Karnataka
9392,Karnataka,Karwar,Dental Health Clinic,https://www.medindia.net/directories/hospitals/dental-health-clinic-karwar-karnataka-64973.htm,Karwar - 581301, Karnataka
9393,Karnataka,Karwar,Evennt 100 Hospitals,https://www.medindia.net/directories/hospitals/evennt-100-hospitals-karwar-karnataka-37697.htm,Karwar - 581301, Karnataka
9394,Karnataka,Karwar,Mahamaya Clinic,https://www.medindia.net/directories/hospitals/mahamaya-clinic-karwar-karnataka-54072.htm,Karwar - 581352, Karnataka
9395,Karnataka,Karwar,Parvez Hospital,https://www.medindia.net/directories/hospitals/parvez-hospital-karwar-karnataka-18225.htm,Karwar - 581308, Karnataka
9396,Karnataka,Karwar,R.N.S. Hospital,https://www.medindia.net/directories/hospitals/rns-hospital-karwar-karnataka-80372.htm,Karwar - 581350, Karnataka
9397,Karnataka,Karwar,Shetty Eye Hospital,https://www.medindia.net/directories/hospitals/shetty-eye-hospital-karwar-karnataka-56185.htm,Karwar - 581301, Karnataka
9398,Karnataka,Karwar,Suraksha Dental Clinic,https://www.medindia.net/directories/hospitals/suraksha-dental-clinic-karwar-karnataka-52826.htm,Karwar - 581314, Karnataka
9399,Karnataka,Karwar,Ultra Modern Dental Clinic,https://www.medindia.net/directories/hospitals/ultra-modern-dental-clinic-karwar-karnataka-89090.htm,Karwar - 581301, Karnataka
9400,Karnataka,Kodagu,Ashwini Hospital,https://www.medindia.net/directories/hospitals/ashwini-hospital-kodagu-karnataka-98839.htm,Kodagu - 571201, Karnataka
9401,Karnataka,Kodagu,Athreya Hospital,https://www.medindia.net/directories/hospitals/athreya-hospital-kodagu-karnataka-62577.htm,Kodagu - 571218, Karnataka
9402,Karnataka,Kodagu,Athreya Hospital,https://www.medindia.net/directories/hospitals/athreya-hospital-kodagu-karnataka-95120.htm,Kodagu - 571218, Karnataka
9403,Karnataka,Kodagu,Ayur Jeevan Ayurveda Hospital,https://www.medindia.net/directories/hospitals/ayur-jeevan-ayurveda-hospital-kodagu-karnataka-31570.htm,Kodagu - 571201, Karnataka
9404,Karnataka,Kodagu,Community Health Centre,https://www.medindia.net/directories/hospitals/community-health-centre-kodagu-karnataka-78895.htm,Kodagu - 571213, Karnataka
9405,Karnataka,Kodagu,Community Health Centre,https://www.medindia.net/directories/hospitals/community-health-centre-kodagu-karnataka-78937.htm,Kodagu - 571234, Karnataka
9406,Karnataka,Kodagu,District Government Ayush Hospital,https://www.medindia.net/directories/hospitals/district-government-ayush-hospital-kodagu-karnataka-78850.htm,Kodagu - 571201, Karnataka
9407,Karnataka,Kodagu,District Hospital,https://www.medindia.net/directories/hospitals/district-hospital-kodagu-karnataka-83775.htm,Kodagu - 571201, Karnataka
9408,Karnataka,Kodagu,ECHS Polyclinic Hospital,https://www.medindia.net/directories/hospitals/echs-polyclinic-hospital-kodagu-karnataka-76922.htm,Kodagu - 571218, Karnataka
9409,Karnataka,Kodagu,Family Clinic,https://www.medindia.net/directories/hospitals/family-clinic-kodagu-karnataka-65783.htm,Kodagu - 571201, Karnataka
9410,Karnataka,Kolar,Sahara Nursing & Maternity Home,https://www.medindia.net/directories/hospitals/sahara-nursing-maternity-home-kolar-karnataka-14011.htm,Kolar - 563114, Karnataka
9411,Karnataka,Kolar,Shyam Hospital,https://www.medindia.net/directories/hospitals/shyam-hospital-kolar-karnataka-7831.htm,Kolar - 563122, Karnataka
9412,Karnataka,Kolar,Sri Nava Ratna Surgical And Maternity Nursing Home,https://www.medindia.net/directories/hospitals/sri-nava-ratna-surgical-and-maternity-nursing-home-kolar-karnataka-8449.htm,Kolar - 563101, Karnataka
9413,Karnataka,Kolar,Sushruta Hospital & Maternity Home,https://www.medindia.net/directories/hospitals/sushruta-hospital-maternity-home-kolar-karnataka-11088.htm,Kolar - 563114, Karnataka
9414,Karnataka,Kolar,Akshaya Nursing Home,https://www.medindia.net/directories/hospitals/akshaya-nursing-home-kolar-karnataka-101291.htm,Kolar - 563101, Karnataka
9415,Karnataka,Kolar,Apoorva Nursing Home,https://www.medindia.net/directories/hospitals/apoorva-nursing-home-kolar-karnataka-86376.htm,Kolar - 563101, Karnataka
9416,Karnataka,Kolar,Ashas Pediatric Care Children Hospital,https://www.medindia.net/directories/hospitals/ashas-pediatric-care-children-hospital-kolar-karnataka-95864.htm,Kolar - 563101, Karnataka
9417,Karnataka,Kolar,BANGALURU POLYCLINIC & LABORATORY (DOCTOR /PHYSICIAN),https://www.medindia.net/directories/hospitals/bangaluru-polyclinic-laboratory-doctor-physician-kolar-karnataka-64231.htm,Kolar - 563101, Karnataka
9418,Karnataka,Kolar,Bengaluru Polyclinic Hospital,https://www.medindia.net/directories/hospitals/bengaluru-polyclinic-hospital-kolar-karnataka-59881.htm,Kolar - 563101, Karnataka
9419,Karnataka,Kolar,Bgs Global Hospital,https://www.medindia.net/directories/hospitals/bgs-global-hospital-kolar-karnataka-28293.htm,Kolar - 560060, Karnataka
9420,Karnataka,Koppal,Amar hospital,https://www.medindia.net/directories/hospitals/amar-hospital-koppal-karnataka-20258.htm,Koppal - 583227, Karnataka
9421,Karnataka,Koppal,Amareshwara E.N.T and Dental Hospital,https://www.medindia.net/directories/hospitals/amareshwara-ent-and-dental-hospital-koppal-karnataka-69654.htm,Koppal - 583227, Karnataka
9422,Karnataka,Koppal,District Hospital Koppal,https://www.medindia.net/directories/hospitals/district-hospital-koppal-koppal-karnataka-83687.htm,Koppal - 583231, Karnataka
9423,Karnataka,Koppal,Dr.Patil Homeopathy Hospital,https://www.medindia.net/directories/hospitals/drpatil-homeopathy-hospital-koppal-karnataka-37816.htm,Koppal - 583227, Karnataka
9424,Karnataka,Koppal,Government General Hospital,https://www.medindia.net/directories/hospitals/government-general-hospital-koppal-karnataka-70174.htm,Koppal - 583227, Karnataka
9425,Karnataka,Koppal,Jambunath Goud clinic,https://www.medindia.net/directories/hospitals/jambunath-goud-clinic-koppal-karnataka-45810.htm,Koppal - 583227, Karnataka
9426,Karnataka,Koppal,Jaya Multispeciality Ayurvedic Panchakarma Hospital,https://www.medindia.net/directories/hospitals/jaya-multispeciality-ayurvedic-panchakarma-hospital-koppal-karnataka-85982.htm,Koppal - 583229, Karnataka
9427,Karnataka,Koppal,KB Ciot Hospital,https://www.medindia.net/directories/hospitals/kb-ciot-hospital-koppal-karnataka-57347.htm,Koppal - 583227, Karnataka
9428,Karnataka,Koppal,Layans Eye Hospital Koppal,https://www.medindia.net/directories/hospitals/layans-eye-hospital-koppal-koppal-karnataka-20663.htm,Koppal - 583231, Karnataka
9429,Karnataka,Koppal,Old Government District Hospital,https://www.medindia.net/directories/hospitals/old-government-district-hospital-koppal-karnataka-90124.htm,Koppal - 583231, Karnataka
9430,Karnataka,Koratagere,Renuka Hospital,https://www.medindia.net/directories/hospitals/renuka-hospital-koratagere-karnataka-2532.htm,Koratagere - 572129, Karnataka
9431,Karnataka,Kuknoor,Yashas Hospital,https://www.medindia.net/directories/hospitals/yashas-hospital-kuknoor-karnataka-26972.htm,Kuknoor - 583232, Karnataka
9432,Karnataka,Kundapura,Manish Hospital,https://www.medindia.net/directories/hospitals/manish-hospital-kundapura-karnataka-3910.htm,Kundapura - 576201, Karnataka
9433,Karnataka,Kundapura,Peeyusha Ayurveda And Yoga Health Care Clinic,https://www.medindia.net/directories/hospitals/peeyusha-ayurveda-and-yoga-health-care-clinic-kundapura-karnataka-19504.htm,Kundapura - 576201, Karnataka
9434,Karnataka,Kundapura,Sri Manjunatha Hospital,https://www.medindia.net/directories/hospitals/sri-manjunatha-hospital-kundapura-karnataka-52308.htm,Kundapura - 576201, Karnataka
9435,Karnataka,Maddur,Deetya Multuspeciality Dental Clinic,https://www.medindia.net/directories/hospitals/deetya-multuspeciality-dental-clinic-maddur-karnataka-9317.htm,Maddur - 571428, Karnataka
9436,Karnataka,Madikeri,Sapthagiri Physiotherapy Clinic,https://www.medindia.net/directories/hospitals/sapthagiri-physiotherapy-clinic-madikeri-karnataka-57140.htm,Madikeri - 571234, Karnataka
9437,Karnataka,Mahalingpur,Arogydham Hospital,https://www.medindia.net/directories/hospitals/arogydham-hospital-mahalingpur-karnataka-47806.htm,Mahalingpur - 587312, Karnataka
9438,Karnataka,Mahalingpur,Patil Hospital,https://www.medindia.net/directories/hospitals/patil-hospital-mahalingpur-karnataka-40432.htm,Mahalingpur - 587312, Karnataka
9439,Karnataka,Mahalingpur,Ravi Hi Tech Dental Clinic,https://www.medindia.net/directories/hospitals/ravi-hi-tech-dental-clinic-mahalingpur-karnataka-58848.htm,Mahalingpur - 587312, Karnataka
9440,Karnataka,Mahalingpur,Sharan Hospital,https://www.medindia.net/directories/hospitals/sharan-hospital-mahalingpur-karnataka-26613.htm,Mahalingpur - 587312, Karnataka
